"1","1","The complete Oracle SQL Certification (Udemy)"
"2","2","CGI Scripts for the Web using Perl – Heriot-Watt University"
"3","3","Natural Construct – Natural Construct CST-004"
"4","3","Natural Lightstorm – Natural Lightstorm Implementation 1 Nat-Win"
"5","4","Developer ADO.NET 2003"
"6","4","Developer ASP.NET 2003"
"7","4","Developer Visual Basic .NET 2003"
"8","4","Implementation SQL Server 2008"
"9","4","Maintenance SQL Server 2008"
"10","4","MCPS: Microsoft Certified Professional"
"11","4","MCSD: App Builder"
"12","4","MCSD: Web Applications Solutions Developer"
"13","4","CTS: .NET Framework 3.5 ASP.NET applications"
"14","4","MCTS: .NET Framework 3.5 Windows Forms applications"
"15","4","MCTS: Programming in HTML5 with JavaScript and CSS3"
"16","4","Programming in HTML5 with JavaScript and CSS3"
"17","4","TS: Web Applications Development with Microsoft .NET Framework 4"
"18","5","Java for Programmers – Heriot-Watt University"
"19","5","Java Programmer I"
"20","5","Java Programmer II"
"21","5","Sun Certified Java Programmer (SCJP)"
"22","6","Shaping up with angularJS"
"23","7","Correlation and Regression"
"24","7","Data Manipulation in R (DataCamp)"
"25","7","Deep Learning Specialization"
"26","7","Pattern Discovery in Data Mining"
"27","7","Process Mining: Data science in Action"
"28","7","R Programming (Coursera)"
"29","7","The Data Scientist’s Toolbox (Coursera)"
"30","7","Introduction to Machine Learning (DataCamp)"
"31","8","Certified for Designing Microsoft BI Solutions with SQL Server 2014"
"32","9","Siebel 8.0 Certified Expert"
"33","10","Platform Fundamentals for Developers Rel 11.1"
"34","11","MongoDB for DBAs"
"35","11","MongoDB for Java Developers"
"36","12","Exam 534: Architecting Microsoft Azure Solutions"
"37","12","Microsoft Azure Core Functionalities"
"38","12","Microsoft Azure for Developers"
"39","12","Microsoft Certified Solutions Associate: Cloud Platform"
"40","12","Microsoft Specialist: Developing Microsoft Azure Solutions"
"41","12","Microsoft Specialist: Implementing Microsoft Azure Infrastructure Solutions"
"42","13","Certified Project Designer (CPD)
"
"43","13","Microstrategy for Business Intelligence"
"44","14","Power BI Pro Essential (LinkedIn)"
"45","14","Tableau 10 Essential"
"46","15","IBM Blockchain Essentials"
"47","16","R3 Corda Certified Developer"
"48","17","Knight Certification"
"49","17","Wrangler Certification"
"50","18","Neo4j Certification"
"51","19","HDP Certified Developer"
"54","20","Confluent Certified Developer for Apache Kafka"
"55","21","Big Data (2015) Specialisation (Coursera)"
"56","21","CCA Spark and Hadoop Developer"
"57","21","CCP Data Engineer"
"58","21","Cloudera Certified Developer for Apache Hadoop CCD-470 (CDH4)"
"60","21","Graph Analytics for Big Data (Coursera)"
"61","21","Hadoop Platform and Application Framework (Coursera)"
"62","21","Introduction to Big Data (Coursera)"
"63","21","Introduction to Big Data Analytics (Coursera)"
"64","21","Machine Learning with Big Data (Coursera)"
"65","21","O'Reilly Development Certification for Apache Kafka"
"66","22","Certified for Microsoft Dynamics CRM 2011 (CRM 2011)"
"67","23","Quote to Cash Certification"
"68","24","SAP Design Thinking"
"69","24","IBM Design Thinking Practitioner"
"70","25","The Complete React Web Developer Course (with Redux)"
"71","26","Sass Workflow (Udemy)"
"72","26","Advanced CSS and SASS (Udemy)"
"73","26","Multiplatform Mobile App Development and other series of front-end and server-side courses (The Hong Kong University of Science and Technology on Coursera)"
"74","26","HTML, CSS and Javascript (Cambridge Certification Authority)"
"75","27","Salesforce Certified Platform App Builder"
"76","27","Salesforce Certified Integration Architecture Designer"
"77","27","Salesforce Certified Developer (401)"
"78","27","Salesforce Certified Administrator"
"79","27","Salesforce Certified Service Cloud Consultant"
"80","27","Salesforce Certified Administrator (SCA)"
"81","27","Salesforce App Builder"
"82","27","Salesforce Certified Sales Cloud Consultant (SP15)"
"83","27","Salesforce.com Certified Administrator (SU14)"
"84","27","Salesforce Certified Marketing Cloud Email Specialist (SP18)"
"85","27","Salesforce Certified Pardot Specialist (SP18)"
"86","27","Salesforce Certified Technical Architect"
"87","27","Salesforce Certified UNKNOWN1"
"88","27","Salesforce Certified UNKNOWN2"
"89","27","Salesforce Certified UNKNOWN3"
"90","27","Salesforce Certified UNKNOWN4"
"91","28","Marketing Cloud Email Specialist Certification Maintenance (Spring '18)"
"92","28","Marketing Content Creation"
"93","28","Marketing Cloud Studios & Builders"
"94","28","Marketing Cloud Connect"
"95","28","Marketing Cloud Basic"
"96","28","Distributed Marketing Administration"
"97","28","Brand Alignment in Distributed Organizations"
"98","29","UIPath Foundation Certificate"
"99","29","UiPath Foundation Training"
"100","29","UiPath Implementation Manager"
"101","29","UiPath Business Analyst"
"102","30","Blue Prism Developer Accreditation Certificate of Excellence"
"103","31","Install and Manage Google Cloud's Apigee API Platform"
"104","31","On Premises Management, Security, and Upgrade with Google Cloud's Apigee API Platform"
"105","31","On Premises Installation and Fundamentals with Google Cloud's Apigee API Platform"
"106","31","On Premises Capacity Upgrade and Monitoring with Google Cloud's Apigee API Platform"
"107","31","Developing APIs with Google Cloud's Apigee API Platform"
"108","31","API Security on Google Cloud's Apigee API Platform (con Honores)"
"109","31","API Development on Google Cloud's Apigee API Platform (con Honores)"
"110","31","API Design and Fundamentals of Google Cloud's Apigee API Platform (con Honores)"
"111","31","Google Apigee API Engineer"
"112","32","AWS Certified Cloud Practitioner"
"113","33","MuleSoft Certified Architect – Solution Design Specialist"
"114","33","MuleSoft Certified Developer - API Design Associate"
"115","33","MuleSoft Certified Developer - API Design Associate (RAML 1.0)"
"116","33","MuleSoft Certified Developer – Connector Specialist"
"117","33","MuleSoft Certified Developer – Integration and API Associate"
"118","33","MuleSoft Certified Developer – Level 1 (Mule 4)"
"119","33","Mulesoft Certified Developer (MCD)"
"120","33","MuleSoft Certified Platform Architect - Level 1"
"121","34","IBM SOA Associate"
"122","35","UNIX – Fundamentals of Solaris EU-116"
"123","35","UNIX – Solaris for Advanced Users EU-170"
"124","39","Certified Scrum Master"
"125","39","Professional Scrum Master I - Scrum.org"
"126","39","Professional Scrum Master"
"127","39","SCRUM - Six Sigma Yellow Belt"
"128","39","Scrum Fundamentals Certified"
"129","39","Scrum Master SCM"
"130","38","Project Management Professional (PMP)"
"131","37","Certified PRINCE2 Practitioner"
"132","37","Level 5 Certificate in Coaching and Mentoring (Institute for Leadership and Management)"
"133","40","Liferay 6.2 Certified Professional Developer"
