"1211","Borja","Ochoa","London","""Technology""","1","1","2","2018-10-01","0","1"
"2617","Arnau","Rovira","London","""Technology""","2","1","2",NULL,"1","0"
"3116","Manuel","Pando Mones","London","""Technology""","5","2","6","2017-10-18","6","0"
"3688","Cesar","Zayas","London","""Technology""","3","3","3","2017-02-06","2","0"
"7962","Helena","Marques","London","""Technology""","5","1","2",NULL,"0","1"
"32152","Alberto","Gimenez","London","""Technology""","5","4","1",NULL,"0","1"
"33505","Carlos","Hernandez","London","""Technology""","4","5","7",NULL,"3","0"
"71595","Eugenio","Rodriguez","London","""Technology""","1","2","5",NULL,"3","0"
"102111","David","Porto","London","""Technology""","1","2","6",NULL,"1","0"
"102324","Sergio","Sisternes","London","""Technology""","5","1","2",NULL,"8","0"
"104956","Luis","Moreno","London","""Technology""","2","4","1",NULL,"0","1"
"108466","Antonio","Costa","London","""Technology""","5","2","5","2018-01-08","9","0"
"119626","Joan","Fuerte","London","""Technology""","1","2","5","2019-06-04","0","0"
"119984","Ariel Dario","Cassan","London","""Technology""","5","1","2","2018-12-07","4","0"
"120460","Miguel Angel","Chuecos Piera","London","""Technology""","5","5","7",NULL,"7","0"
"120854","Joao","Sena","London","""Technology""","1","5","9","2018-12-13","0","0"
"121070","Ferran","Bernal","London","""Technology""","2","2","5","2019-03-20","1","0"
"121284","Pablo","Aldana","London","""Technology""","5","2","5",NULL,"2","0"
"121908","Diogo","Pinto","London","""Technology""","1","5","7",NULL,"1","0"
"122139","Jose Javier","Lirio","London","""Technology""","5","5","9","2018-07-19","2","0"
"123980","Marcel","Pallares","London","""Technology""","2","5","7",NULL,"1","0"
"124361","Sergio","Plaza Ruiz","London","""Technology""","1","5","8","2018-12-20","2","0"
"124945","Jordi","Serra","London","""Technology""","5","5","9","2019-04-03","0","0"
"125219","Adrian","Gonzalez","London","""Technology""","5","5","8","2018-12-13","4","0"
"126732","Miguel","Lirio","London","""Technology""","2","5","9","2019-08-12","1","0"
"127076","Juan Carlos","Gallardo","London","""Technology""","5","5","9",NULL,"0","0"
"127625","Maria Jesus","Crespo","London","""Technology""","1","2","5",NULL,"0","1"
"127782","Sergio","Gonzalez","London","""Technology""","5","5","9",NULL,"0","1"
"128815","Maria","Lopez","London","""Technology""","2","2","5",NULL,"0","0"
"131797","Ricard","Creus Freixas","London","""Technology""","2","5","9",NULL,"0","0"
"132882","Alberto","Martinez","London","""Technology""","1","5","7",NULL,"0","0"
"132951","Jitesh","Pramodray","London","""Technology""","1","2","5",NULL,"1","0"
"134013","Brendan","Moore","London","""Technology""","1","2","5",NULL,"6","0"
"134836","Eudes","Ochoa","London","""Technology""","2","5","9",NULL,"0","0"
"135028","Javier","Galarza","London","""Technology""","1","5","9",NULL,"1","0"
"135932","Enric","Biosca","London","""Technology""","1","1","2",NULL,"0","1"
"136513","Pedro","Moura","London","""Technology""","5","2","5","2019-02-04","3","0"
"138577","Mauricio","Lins","London","""Technology""","5","5","8",NULL,"0","1"
"138657","Francesco","Palmieri","Milton Keynes","""Technology""","1","2","10",NULL,"0","0"
"140070","Ernesto","Mayoral","London","""Technology""","5","5","9",NULL,"1","0"
"143744","Jose Joaquin","Barrueco","London","""Technology""","1","5","9",NULL,"0","0"
"144556","Ivan","Alvarado","London","""Technology""","1","2","5",NULL,"6","0"
"144861","Enrique","Pantoja","London","""Technology""","5","1","2",NULL,"2","0"
"147887","Eloy","Valle","London","""Technology""","1","2","5","2018-10-26","12","0"
"149312","Marina","Padurean","London","""Technology""","5","5","9",NULL,"0","0"
"149600","Enrique","Loyola","London","""Technology""","5","5","8","2018-12-20","3","0"
"150907","Aaron","Donoso","London","""Technology""","5","5","7","2019-02-14","0","1"
"151486","Vicente","Pastor","London","""Technology""","5","5","7",NULL,"0","1"
"151662","Jose Alejandro","Galisteo Callejon","London","""Technology""","5","5","4",NULL,"3","0"
"152838","Bruno","Esteves","London","""Technology""","5","5","7",NULL,"3","0"
"154981","Geoffrey","Doran","London","""Technology""","2","1","2",NULL,"3","0"
"156235","Austine","Esemiteye","London","""Technology""","1","5","7",NULL,"0","0"
"157108","Robin","Whitwell","London","""Technology""","1","2","5","2018-12-20","0","1"
"157110","Raquel","Ruiz","London","""Technology""","1","5","7",NULL,"0","0"
"157822","Darren","Kabengele","London","""Technology""","5","2","5",NULL,"5","0"
"158840","Ines","Perez","London","""Technology""","5","5","9","2019-06-06","1","0"
"160029","Carlos","Soriano","London","""Technology""","5","5","9","2018-10-15","0","0"
"160862","Roman","Torres","London","""Technology""","1","5","9","2019-07-16","1","0"
"161973","Philip","Schofield","London","""Technology""","4","4","1",NULL,"0","1"
"162133","Axel","Rubio","London","""Technology""","5","5","7",NULL,"3","0"
"162149","Gregorio","Jimenez","London","""Technology""","1","5","8",NULL,"6","0"
"162425","Juliet","Babb","London","""Technology""","5","2","5","2019-02-04","1","0"
"162551","Manuel","Valles","London","""Technology""","2","5","4","2019-02-15","0","0"
"164292","Ray","Foulkes","London","""Technology""","4","5","7",NULL,"1","0"
"165511","Ana Catarina","Mateus","London","""Technology""","1","5","7",NULL,"0","1"
"165742","David","Vaca","London","""Technology""","1","5","9",NULL,"0","1"
"167789","Paul","Blakey","London","""Technology""","4","5","7",NULL,"7","0"
"168931","Prachi","Chauhan","London","""Technology""","4","2","5",NULL,"3","0"
"168933","Monika","Kastner","London","""Technology""","2","5","9","2018-12-07","8","0"
"169152","Angela","Maselli","London","""Technology""","2","5","4","2018-12-07","0","0"
"169230","Natarajan","Pillai","London","""Technology""","4","5","9",NULL,"9","0"
"170790","Anjali","Subburaj","London","""Technology""","4","2","6",NULL,"11","0"
"170791","Lorena","Perez Verdasco","London","""Technology""","2","5","4",NULL,"0","0"
"171392","Richard","Fowles","London","""Technology""","5","5","9",NULL,"1","0"
"171395","Marco","Meneghini","London","""Technology""","5","5","8",NULL,"0","0"
"172082","Venkateswar Rao","Ramineni","London","""Technology""","1","5","8",NULL,"0","0"
"172734","Alejandro","Perez","London","""Technology""","1","5","4",NULL,"0","0"
"173033","Dimitrios","Bestas","London","""Technology""","1","5","4","2019-03-25","0","0"
"173045","Wojciech","Worek","London","""Technology""","2","5","9","2019-04-01","0","0"
"173319","Irene","Tello","London","""Technology""","2","5","4","2019-03-05","0","0"
"173642","Stephanie","Senoner","London","""Technology""","2","5","9","2019-03-20","3","0"
"174510","Dorina","Mihai","London","""Technology""","2","5","9",NULL,"2","0"
"174706","Miguel","Orbananos","London","""Technology""","1","5","9","2019-05-30","0","0"
"174970","Mitali","Pagote","London","""Technology""","1","5","7","2019-07-16","0","1"
"175203","Sara","Solis","London","""Technology""","1","5","4",NULL,"0","0"
"175317","Khurram","Darugar","London","""Technology""","2","5","8",NULL,"0","1"
"176296","Patrick","Izekor","London","""Technology""","5","5","7",NULL,"0","0"
"176767","Craig","Cattell","London","""Technology""","2","5","8",NULL,"0","0"
"177153","Francisco ","Reina Ponce","London","""Technology""","2","5","4",NULL,"0","0"
"177498","Cengiz","Kayay","London","""Technology""","5","2","6","2019-07-30","0","1"
"178415","Pedro","Coelho","London","""Technology""","1","5","7",NULL,"0","1"
"178938","Diana","Gallego","London","""Technology""","5","2","5",NULL,"0","1"
"180115","Alvaro","Elorza Luquero","London","""Technology""","1","5","7",NULL,"0","1"
"180243","Megha","Gupta","London","""Technology""","2","5","7",NULL,"0","1"
"180321","Michal","Zbikowski","London","""Technology""","1","5","7",NULL,"0","1"
"180581","Anmol","Nandha","London","""Technology""","2","2","5","2019-10-14","0","1"
"180715","Pablo","Mina","London","""Technology""","5","2","5",NULL,"0","1"
"181035","Hakan","Gonen","London","""Technology""","2","5","7","2019-10-14","0","1"
"181233","Jose","Llopis Zapata","London","""Technology""","5","5","4",NULL,"0","1"
