"1211","API Design and Fundamentals of Google Cloud's Apigee API Platform (con Honores)","2019-10-23","2019-10-26","2019"
"2617","SAP Design Thinking","2015-01-01","0000-00-00","2015"
"3116","CCA Spark and Hadoop Developer","0000-00-00","0000-00-00","2000"
"3116","CCP Data Engineer","0000-00-00","0000-00-00","2000"
"3116","Cloudera Certified Developer for Apache Hadoop CCD-470 (CDH4)","0000-00-00","0000-00-00","2000"
"3116","Confluent Certified Developer for Apache Kafka","2018-11-01","2020-11-01","2018"
"3116","Project Management Professional (PMP)","0000-00-00","0000-00-00","2000"
"3116","Sun Certified Java Programmer (SCJP)",NULL,NULL,"2000"
"3688","Certified Scrum Master","2008-11-01","0000-00-00","2008"
"3688","Project Management Professional (PMP)","2007-10-01","2014-10-01","2007"
"7962","R3 Corda Certified Developer","0000-00-00","0000-00-00","2000"
"33505","Salesforce Certified Developer (401)","2013-07-01","0000-00-00","2013"
"33505","Salesforce Certified Integration Architecture Designer","2017-03-01","0000-00-00","2017"
"33505","Salesforce Certified Platform App Builder","2017-09-01","0000-00-00","2017"
"71595","CCA Spark and Hadoop Developer","2017-04-01","0000-00-00","2017"
"71595","CCP Data Engineer","2017-10-01","2020-10-01","2017"
"71595","Professional Scrum Master I - Scrum.org","2018-01-01","0000-00-00","2018"
"102111","Scrum Master SCM","0000-00-00","0000-00-00","2000"
"102324","MCSD: App Builder","0000-00-00","0000-00-00","2000"
"102324","MCSD: Web Applications Solutions Developer","2013-07-01","2017-10-01","2013"
"102324","MCTS: Programming in HTML5 with JavaScript and CSS3","2013-02-01","0000-00-00","2013"
"102324","Microsoft Certified Solutions Associate: Cloud Platform","2017-05-01","2019-05-01","2017"
"102324","Microsoft Specialist: Developing Microsoft Azure Solutions","2017-05-01","2019-05-01","2017"
"102324","Microsoft Specialist: Implementing Microsoft Azure Infrastructure Solutions","2017-03-01","2019-03-01","2017"
"102324","MuleSoft Certified Developer - API Design Associate","2018-12-01","2020-12-01","2018"
"102324","TS: Web Applications Development with Microsoft .NET Framework 4","2013-04-01","0000-00-00","2013"
"108466","API Design and Fundamentals of Google Cloud's Apigee API Platform (con Honores)","2018-08-01","0000-00-00","2018"
"108466","API Development on Google Cloud's Apigee API Platform (con Honores)","2018-10-01","0000-00-00","2018"
"108466","API Security on Google Cloud's Apigee API Platform (con Honores)","2018-11-01","0000-00-00","2018"
"108466","Confluent Certified Developer for Apache Kafka","2018-11-01","2020-11-01","2018"
"108466","Developing APIs with Google Cloud's Apigee API Platform","2018-11-01","0000-00-00","2018"
"108466","Install and Manage Google Cloud's Apigee API Platform","2019-02-01","0000-00-00","2019"
"108466","On Premises Capacity Upgrade and Monitoring with Google Cloud's Apigee API Platform","2019-02-01","0000-00-00","2019"
"108466","On Premises Installation and Fundamentals with Google Cloud's Apigee API Platform","2019-02-01","0000-00-00","2019"
"108466","On Premises Management, Security, and Upgrade with Google Cloud's Apigee API Platform","2019-02-01","0000-00-00","2019"
"119984","Java Programmer I","2014-10-01","0000-00-00","2014"
"119984","Java Programmer II","2015-09-01","0000-00-00","2015"
"119984","Mulesoft Certified Developer (MCD)","2018-11-01","0000-00-00","2018"
"120460","AWS Certified Cloud Practitioner","2019-02-01","2021-02-01","2019"
"120460","MuleSoft Certified Platform Architect - Level 1","2019-08-01","2021-08-01","2019"
"121284","Certified Scrum Master","2016-03-01","2018-03-01","2016"
"121284","R3 Corda Certified Developer","2019-01-01","0000-00-00","2019"
"121908","CCA Spark and Hadoop Developer","2018-03-01","2020-03-01","2018"
"122139","MuleSoft Certified Developer - API Design Associate (RAML 1.0)","2018-12-01","2020-12-01","2018"
"122139","R3 Corda Certified Developer","2018-10-01","0000-00-00","2018"
"123980","SAP Design Thinking","2016-09-01","0000-00-00","2016"
"124361","CCA Spark and Hadoop Developer","2017-03-01","2017-04-01","2017"
"125219","CCA Spark and Hadoop Developer","2017-01-01","0000-00-00","2017"
"125219","CCP Data Engineer","2017-09-01","2020-01-01","2017"
"125219","Wrangler Certification","2019-01-01","2021-01-01","2019"
"126732","Shaping up with angularJS","2015-02-01","0000-00-00","2015"
"132951","CCA Spark and Hadoop Developer","2017-04-01","0000-00-00","2017"
"135028","CCA Spark and Hadoop Developer","2018-05-01","2020-01-01","2018"
"136513","MuleSoft Certified Developer - API Design Associate (RAML 1.0)","0000-00-00","0000-00-00","2000"
"136513","Programming in HTML5 with JavaScript and CSS3","2018-04-01","0000-00-00","2018"
"138577","CCA Spark and Hadoop Developer","0000-00-00","0000-00-00","2000"
"140070","Confluent Certified Developer for Apache Kafka","2019-05-01","0000-00-00","2019"
"144556","Developer ADO.NET 2003","0000-00-00","0000-00-00","2000"
"144556","Developer ASP.NET 2003","0000-00-00","0000-00-00","2000"
"144556","Developer Visual Basic .NET 2003","0000-00-00","0000-00-00","2000"
"144556","Implementation SQL Server 2008","0000-00-00","0000-00-00","2000"
"144556","Maintenance SQL Server 2008","0000-00-00","0000-00-00","2000"
"144556","Microstrategy for Business Intelligence","2012-07-01","0000-00-00","2012"
"144861","Platform Fundamentals for Developers Rel 11.1","2016-05-01","0000-00-00","2016"
"144861","Shaping up with angularJS","0000-00-00","0000-00-00","2000"
"147887","Big Data (2015) Specialisation (Coursera)","2016-10-01","0000-00-00","2016"
"147887","CCA Spark and Hadoop Developer","2017-04-01","0000-00-00","2017"
"147887","CCP Data Engineer","2017-08-01","0000-00-00","2017"
"147887","Confluent Certified Developer for Apache Kafka","2018-12-01","0000-00-00","2018"
"147887","Graph Analytics for Big Data (Coursera)","2016-03-01","0000-00-00","2016"
"147887","Hadoop Platform and Application Framework (Coursera)","2015-12-01","0000-00-00","2015"
"147887","HDP Certified Developer","2017-07-01","0000-00-00","2017"
"147887","Introduction to Big Data (Coursera)","2015-11-01","0000-00-00","2015"
"147887","Introduction to Big Data Analytics (Coursera)","2016-01-01","0000-00-00","2016"
"147887","Machine Learning with Big Data (Coursera)","2016-02-01","0000-00-00","2016"
"147887","O'Reilly Development Certification for Apache Kafka","2017-05-01","0000-00-00","2017"
"147887","Professional Scrum Master","2017-12-01","0000-00-00","2017"
"149600","MCPS: Microsoft Certified Professional","2012-04-01","0000-00-00","2012"
"149600","MCTS: .NET Framework 3.5 Windows Forms applications","2009-07-01","0000-00-00","2009"
"151662","Deep Learning Specialization","2018-10-01","0000-00-00","2018"
"151662","Neo4j Certification","2019-07-01","0000-00-00","2019"
"151662","Wrangler Certification","2019-01-01","2021-01-01","2019"
"152838","Blue Prism Developer Accreditation Certificate of Excellence","2017-04-01","0000-00-00","2017"
"152838","Process Mining: Data science in Action","2017-02-01","0000-00-00","2017"
"152838","UIPath Foundation Certificate","2019-03-01","0000-00-00","2019"
"154981","Professional Scrum Master","2017-11-01","0000-00-00","2017"
"154981","SCRUM - Six Sigma Yellow Belt","2005-07-01","0000-00-00","2005"
"154981","Scrum Fundamentals Certified","2005-07-01","0000-00-00","2005"
"157822","Google Apigee API Engineer","2018-12-01","0000-00-00","2018"
"157822","IBM SOA Associate","2007-01-01","0000-00-00","2007"
"157822","Knight Certification","2019-01-01","2021-01-01","2019"
"160862","CCA Spark and Hadoop Developer","2018-05-01","2020-01-01","2018"
"162133","UiPath Business Analyst","2019-05-01","0000-00-00","2019"
"162133","UiPath Foundation Training","2019-05-01","0000-00-00","2019"
"162133","UiPath Implementation Manager","2019-05-01","0000-00-00","2019"
"162149","MongoDB for DBAs","2014-01-01","0000-00-00","2014"
"162149","MongoDB for Java Developers","2013-12-01","0000-00-00","2013"
"162149","Mulesoft Certified Developer (MCD)","2019-03-01","0000-00-00","2019"
"162149","Pattern Discovery in Data Mining","2015-03-01","0000-00-00","2015"
"162149","R Programming (Coursera)","2015-03-01","0000-00-00","2015"
"164292","Salesforce Certified Administrator","2018-06-01","0000-00-00","2018"
"167789","Certified Scrum Master","2015-01-01","2022-01-01","2015"
"167789","IBM Blockchain Essentials","2018-01-01","0000-00-00","2018"
"167789","IBM Design Thinking Practitioner","2016-07-01","0000-00-00","2016"
"167789","Salesforce App Builder","2019-09-01","0000-00-00","2019"
"167789","Salesforce Certified Administrator (SCA)","2018-11-01","0000-00-00","2018"
"167789","Salesforce Certified Service Cloud Consultant","2018-12-01","0000-00-00","2018"
"167789","Siebel 8.0 Certified Expert","2009-01-01","0000-00-00","2009"
"168931","Quote to Cash Certification","2015-10-01","0000-00-00","2015"
"168931","Salesforce Certified Sales Cloud Consultant (SP15)","2015-06-01","0000-00-00","2015"
"168931","Salesforce.com Certified Administrator (SU14)","2014-08-01","0000-00-00","2014"
"168933","Correlation and Regression","0000-00-00","0000-00-00","2000"
"168933","Data Manipulation in R (DataCamp)","0000-00-00","0000-00-00","2000"
"168933","Introduction to Machine Learning (DataCamp)","0000-00-00","0000-00-00","2000"
"168933","Microsoft Azure Core Functionalities","0000-00-00","0000-00-00","2000"
"168933","Microsoft Azure for Developers","0000-00-00","0000-00-00","2000"
"168933","Power BI Pro Essential (LinkedIn)","0000-00-00","0000-00-00","2000"
"168933","Tableau 10 Essential","0000-00-00","0000-00-00","2000"
"168933","The complete Oracle SQL Certification (Udemy)","0000-00-00","0000-00-00","2000"
"169230","Brand Alignment in Distributed Organizations","2018-01-01","0000-00-00","2018"
"169230","Distributed Marketing Administration","2018-01-01","0000-00-00","2018"
"169230","Marketing Cloud Basic","2018-01-01","0000-00-00","2018"
"169230","Marketing Cloud Connect","2018-01-01","0000-00-00","2018"
"169230","Marketing Cloud Email Specialist Certification Maintenance (Spring '18)","2018-04-01","0000-00-00","2018"
"169230","Marketing Cloud Studios & Builders","2018-01-01","0000-00-00","2018"
"169230","Marketing Content Creation","2018-01-01","0000-00-00","2018"
"169230","Salesforce Certified Marketing Cloud Email Specialist (SP18)","2018-04-01","0000-00-00","2018"
"170790","Certified for Designing Microsoft BI Solutions with SQL Server 2014","0000-00-00","0000-00-00","2000"
"170790","Certified for Microsoft Dynamics CRM 2011 (CRM 2011)","0000-00-00","0000-00-00","2000"
"170790","Certified PRINCE2 Practitioner","0000-00-00","0000-00-00","2000"
"170790","Level 5 Certificate in Coaching and Mentoring (Institute for Leadership and Management)","0000-00-00","0000-00-00","2000"
"170790","Salesforce Certified Pardot Specialist (SP18)","0000-00-00","0000-00-00","2000"
"170790","Salesforce Certified Technical Architect","0000-00-00","0000-00-00","2000"
"170790","Salesforce Certified UNKNOWN1","0000-00-00","0000-00-00","2000"
"170790","Salesforce Certified UNKNOWN2","0000-00-00","0000-00-00","2000"
"170790","Salesforce Certified UNKNOWN3","0000-00-00","0000-00-00","2000"
"170790","Salesforce Certified UNKNOWN4","0000-00-00","0000-00-00","2000"
"171392","Exam 534: Architecting Microsoft Azure Solutions","2016-10-01","0000-00-00","2016"
"173642","Advanced CSS and SASS (Udemy)","2018-03-01","0000-00-00","2018"
"173642","Sass Workflow (Udemy)","2018-03-01","0000-00-00","2018"
"173642","The Complete React Web Developer Course (with Redux)","2018-04-01","0000-00-00","2018"
"174510","HTML, CSS and Javascript (Cambridge Certification Authority)","2018-07-01","0000-00-00","2018"
"174510","Multiplatform Mobile App Development and other series of front-end and server-side courses (The Hong Kong University of Science and Technology on Coursera)","2018-09-01","0000-00-00","2018"
