"1","1","SQL"
"2","1","Perl"
"3","1","Natural"
"4","1","Microsoft"
"5","1","Java"
"6","1","AngularJS"
"7","2","ML/IA"
"8","3","SQL Server"
"9","3","Siebel"
"10","3","Oracle"
"11","3","MongoDB"
"12","4","Microsoft"
"13","5","Microstrategy"
"14","5","Microsoft"
"15","6","IBM"
"16","6","Corda"
"17","7","Trifacta"
"18","7","Neo4j"
"19","7","Hortonworks"
"20","7","Confluent"
"21","7","Cloudera"
"22","8","Microsoft"
"23","8","Apttus"
"24","9","SAP"
"25","9","IBM"
"26","9","Front-End"
"27","10","Salesforce"
"28","10","Trailhead"
"29","11","UIPath"
"30","11","BluePrism"
"31","12","Apigee"
"32","12","AWS"
"33","12","Mulesoft"
"34","12","SOA"
"35","13","Solaris"
"36","14","Enterprise Architecture"
"37","14","Project Management"
"38","15","Project Management"
"39","15","Agile/Management"
"40","16","Liferay"
